Workbook

Sheet 使い方
B2: バカラ卓 運用記録ツール
B4: ■ 目的
B5: 各卓の営業データ（日付・卓・ディーラー・シャッフル方式・客・収支）を記録し、ディーラー別／シャッフル方式別／客別に集計するためのツールです。
B7: ■ このツールが行わないこと
B8: 「客×ディーラー」「客×シャッフル方式」を掛け合わせた集計・相性スコアは意図的に含めていません。特定の客に対してどのディーラー／シャッフルを当てるかを本ツールの数値で決めることは想定していません（ゲームの結果はシャッフル・ディールの手順が公正である限り、ディーラーや客に依存しないため）。
B10: ■ 入力方法
B11: 「入力ログ」シートの水色セル（例:B3〜）に1レコード=1行で入力してください。ディーラー・シャッフル方式・卓・客IDはプルダウンから選択します（元データは「マスタ」シート）。
B13: ■ マスタの編集
B14: 「マスタ」シートの一覧を実際のディーラー名・シャッフル方式・卓番号・客IDに書き換えてください。行を増やす場合はプルダウンの参照範囲（マスタ!A2:A301 等）を広げてください。
B16: ■ 集計シート
B17: 「ディーラー別集計」「シャッフル方式別集計」「客別来店履歴」「サマリー」は自動計算されます。入力ログに行を追加すれば自動的に反映されます（300行分の数式を事前に用意済み）。
B19: ■ 収支の定義
B20: 収支 = 客OUT − 客IN。プラスは店の負け（客の勝ち）、マイナスは店の勝ち（客の負け）を表します。ホールド率 = −収支合計 ÷ IN合計（店の取り分の割合）。

Sheet マスタ
A1: ディーラー一覧 | C1: シャッフル方式一覧 | E1: 卓番号一覧 | G1: 客ID一覧
A2: ディーラー01 | C2: 手動シャッフル | E2: 卓1 | G2: 客001
A3: ディーラー02 | C3: オートシャッフラー | E3: 卓2 | G3: 客002
A4: ディーラー03 | C4: プリシャッフルシュー | E4: 卓3 | G4: 客003
A5: ディーラー04 | C5: その他 | E5: 卓4 | G5: 客004
A6: ディーラー05 | E6: 卓5 | G6: 客005
A7: ディーラー06 | G7: 客006
A8: ディーラー07 | G8: 客007
A9: ディーラー08 | G9: 客008
A10: ディーラー09 | G10: 客009
A11: ディーラー10 | G11: 客010
G12: 客011
G13: 客012
G14: 客013
G15: 客014
G16: 客015
G17: 客016
G18: 客017
G19: 客018
G20: 客019
G21: 客020

Sheet 入力ログ
A1: 日付 | B1: 卓 | C1: ディーラー | D1: シャッフル方式 | E1: 客ID | F1: 客IN | G1: 客OUT | H1: 収支 | I1: メモ | K1: 記入ガイド
A2: 46235 | B2: 卓1 | C2: ディーラー01 | D2: 手動シャッフル | E2: 客001 | F2: 100000 | G2: 80000 | H2: =G2-F2 -> -20000 | I2: サンプル行：内容を書き換えてください | K2: 青文字のセル = 入力欄です。
H3: =IF(AND(F3="",G3=""),"",G3-F3) | K3: B〜E列はプルダウンから選択（マスタシート参照）。
H4: =IF(AND(F4="",G4=""),"",G4-F4) | K4: H列（収支）は自動計算されるため入力不要です。
H5: =IF(AND(F5="",G5=""),"",G5-F5) | K5: 2行目はサンプルです。内容を書き換えて使ってください。
H6: =IF(AND(F6="",G6=""),"",G6-F6)
H7: =IF(AND(F7="",G7=""),"",G7-F7)
H8: =IF(AND(F8="",G8=""),"",G8-F8)
H9: =IF(AND(F9="",G9=""),"",G9-F9)
H10: =IF(AND(F10="",G10=""),"",G10-F10)
H11: =IF(AND(F11="",G11=""),"",G11-F11)
H12: =IF(AND(F12="",G12=""),"",G12-F12)
H13: =IF(AND(F13="",G13=""),"",G13-F13)
H14: =IF(AND(F14="",G14=""),"",G14-F14)
H15: =IF(AND(F15="",G15=""),"",G15-F15)
H16: =IF(AND(F16="",G16=""),"",G16-F16)
H17: =IF(AND(F17="",G17=""),"",G17-F17)
... H301: =IF(AND(F301="",G301=""),"",G301-F301)

Sheet ディーラー別集計
A1: ディーラー | B1: 対応件数 | C1: IN合計 | D1: OUT合計 | E1: 店収支合計 | F1: ホールド率
A2: =マスタ!$A$2 -> ディーラー01 | B2: =COUNTIF(入力ログ!$C$2:$C$301,$A2) -> 1 | C2: =SUMIFS(入力ログ!$F$2:$F$301,入力ログ!$C$2:$C$301,$A2) -> 100000 | D2: =SUMIFS(入力ログ!$G$2:$G$301,入力ログ!$C$2:$C$301,$A2) -> 80000 | E2: =SUMIFS(入力ログ!$H$2:$H$301,入力ログ!$C$2:$C$301,$A2) -> -20000 | F2: =IFERROR(-E2/C2,"-") -> 0.2
A3: =マスタ!$A$3 -> ディーラー02 | B3: =COUNTIF(入力ログ!$C$2:$C$301,$A3) -> 0 | C3: =SUMIFS(入力ログ!$F$2:$F$301,入力ログ!$C$2:$C$301,$A3) -> 0 | D3: =SUMIFS(入力ログ!$G$2:$G$301,入力ログ!$C$2:$C$301,$A3) -> 0 | E3: =SUMIFS(入力ログ!$H$2:$H$301,入力ログ!$C$2:$C$301,$A3) -> 0 | F3: =IFERROR(-E3/C3,"-") -> -
A4: =マスタ!$A$4 -> ディーラー03 | B4: =COUNTIF(入力ログ!$C$2:$C$301,$A4) -> 0 | C4: =SUMIFS(入力ログ!$F$2:$F$301,入力ログ!$C$2:$C$301,$A4) -> 0 | D4: =SUMIFS(入力ログ!$G$2:$G$301,入力ログ!$C$2:$C$301,$A4) -> 0 | E4: =SUMIFS(入力ログ!$H$2:$H$301,入力ログ!$C$2:$C$301,$A4) -> 0 | F4: =IFERROR(-E4/C4,"-") -> -
A5: =マスタ!$A$5 -> ディーラー04 | B5: =COUNTIF(入力ログ!$C$2:$C$301,$A5) -> 0 | C5: =SUMIFS(入力ログ!$F$2:$F$301,入力ログ!$C$2:$C$301,$A5) -> 0 | D5: =SUMIFS(入力ログ!$G$2:$G$301,入力ログ!$C$2:$C$301,$A5) -> 0 | E5: =SUMIFS(入力ログ!$H$2:$H$301,入力ログ!$C$2:$C$301,$A5) -> 0 | F5: =IFERROR(-E5/C5,"-") -> -
A6: =マスタ!$A$6 -> ディーラー05 | B6: =COUNTIF(入力ログ!$C$2:$C$301,$A6) -> 0 | C6: =SUMIFS(入力ログ!$F$2:$F$301,入力ログ!$C$2:$C$301,$A6) -> 0 | D6: =SUMIFS(入力ログ!$G$2:$G$301,入力ログ!$C$2:$C$301,$A6) -> 0 | E6: =SUMIFS(入力ログ!$H$2:$H$301,入力ログ!$C$2:$C$301,$A6) -> 0 | F6: =IFERROR(-E6/C6,"-") -> -
A7: =マスタ!$A$7 -> ディーラー06 | B7: =COUNTIF(入力ログ!$C$2:$C$301,$A7) -> 0 | C7: =SUMIFS(入力ログ!$F$2:$F$301,入力ログ!$C$2:$C$301,$A7) -> 0 | D7: =SUMIFS(入力ログ!$G$2:$G$301,入力ログ!$C$2:$C$301,$A7) -> 0 | E7: =SUMIFS(入力ログ!$H$2:$H$301,入力ログ!$C$2:$C$301,$A7) -> 0 | F7: =IFERROR(-E7/C7,"-") -> -
A8: =マスタ!$A$8 -> ディーラー07 | B8: =COUNTIF(入力ログ!$C$2:$C$301,$A8) -> 0 | C8: =SUMIFS(入力ログ!$F$2:$F$301,入力ログ!$C$2:$C$301,$A8) -> 0 | D8: =SUMIFS(入力ログ!$G$2:$G$301,入力ログ!$C$2:$C$301,$A8) -> 0 | E8: =SUMIFS(入力ログ!$H$2:$H$301,入力ログ!$C$2:$C$301,$A8) -> 0 | F8: =IFERROR(-E8/C8,"-") -> -
A9: =マスタ!$A$9 -> ディーラー08 | B9: =COUNTIF(入力ログ!$C$2:$C$301,$A9) -> 0 | C9: =SUMIFS(入力ログ!$F$2:$F$301,入力ログ!$C$2:$C$301,$A9) -> 0 | D9: =SUMIFS(入力ログ!$G$2:$G$301,入力ログ!$C$2:$C$301,$A9) -> 0 | E9: =SUMIFS(入力ログ!$H$2:$H$301,入力ログ!$C$2:$C$301,$A9) -> 0 | F9: =IFERROR(-E9/C9,"-") -> -
A10: =マスタ!$A$10 -> ディーラー09 | B10: =COUNTIF(入力ログ!$C$2:$C$301,$A10) -> 0 | C10: =SUMIFS(入力ログ!$F$2:$F$301,入力ログ!$C$2:$C$301,$A10) -> 0 | D10: =SUMIFS(入力ログ!$G$2:$G$301,入力ログ!$C$2:$C$301,$A10) -> 0 | E10: =SUMIFS(入力ログ!$H$2:$H$301,入力ログ!$C$2:$C$301,$A10) -> 0 | F10: =IFERROR(-E10/C10,"-") -> -
A11: =マスタ!$A$11 -> ディーラー10 | B11: =COUNTIF(入力ログ!$C$2:$C$301,$A11) -> 0 | C11: =SUMIFS(入力ログ!$F$2:$F$301,入力ログ!$C$2:$C$301,$A11) -> 0 | D11: =SUMIFS(入力ログ!$G$2:$G$301,入力ログ!$C$2:$C$301,$A11) -> 0 | E11: =SUMIFS(入力ログ!$H$2:$H$301,入力ログ!$C$2:$C$301,$A11) -> 0 | F11: =IFERROR(-E11/C11,"-") -> -

Sheet シャッフル方式別集計
A1: シャッフル方式 | B1: 対応件数 | C1: IN合計 | D1: OUT合計 | E1: 店収支合計 | F1: ホールド率
A2: =マスタ!$C$2 -> 手動シャッフル | B2: =COUNTIF(入力ログ!$D$2:$D$301,$A2) -> 1 | C2: =SUMIFS(入力ログ!$F$2:$F$301,入力ログ!$D$2:$D$301,$A2) -> 100000 | D2: =SUMIFS(入力ログ!$G$2:$G$301,入力ログ!$D$2:$D$301,$A2) -> 80000 | E2: =SUMIFS(入力ログ!$H$2:$H$301,入力ログ!$D$2:$D$301,$A2) -> -20000 | F2: =IFERROR(-E2/C2,"-") -> 0.2
A3: =マスタ!$C$3 -> オートシャッフラー | B3: =COUNTIF(入力ログ!$D$2:$D$301,$A3) -> 0 | C3: =SUMIFS(入力ログ!$F$2:$F$301,入力ログ!$D$2:$D$301,$A3) -> 0 | D3: =SUMIFS(入力ログ!$G$2:$G$301,入力ログ!$D$2:$D$301,$A3) -> 0 | E3: =SUMIFS(入力ログ!$H$2:$H$301,入力ログ!$D$2:$D$301,$A3) -> 0 | F3: =IFERROR(-E3/C3,"-") -> -
A4: =マスタ!$C$4 -> プリシャッフルシュー | B4: =COUNTIF(入力ログ!$D$2:$D$301,$A4) -> 0 | C4: =SUMIFS(入力ログ!$F$2:$F$301,入力ログ!$D$2:$D$301,$A4) -> 0 | D4: =SUMIFS(入力ログ!$G$2:$G$301,入力ログ!$D$2:$D$301,$A4) -> 0 | E4: =SUMIFS(入力ログ!$H$2:$H$301,入力ログ!$D$2:$D$301,$A4) -> 0 | F4: =IFERROR(-E4/C4,"-") -> -
A5: =マスタ!$C$5 -> その他 | B5: =COUNTIF(入力ログ!$D$2:$D$301,$A5) -> 0 | C5: =SUMIFS(入力ログ!$F$2:$F$301,入力ログ!$D$2:$D$301,$A5) -> 0 | D5: =SUMIFS(入力ログ!$G$2:$G$301,入力ログ!$D$2:$D$301,$A5) -> 0 | E5: =SUMIFS(入力ログ!$H$2:$H$301,入力ログ!$D$2:$D$301,$A5) -> 0 | F5: =IFERROR(-E5/C5,"-") -> -

Sheet 客別来店履歴
A1: 客ID | B1: 来店回数 | C1: IN合計 | D1: OUT合計 | E1: 収支合計 | F1: 平均収支/回
A2: =マスタ!$G$2 -> 客001 | B2: =COUNTIF(入力ログ!$E$2:$E$301,$A2) -> 1 | C2: =SUMIFS(入力ログ!$F$2:$F$301,入力ログ!$E$2:$E$301,$A2) -> 100000 | D2: =SUMIFS(入力ログ!$G$2:$G$301,入力ログ!$E$2:$E$301,$A2) -> 80000 | E2: =SUMIFS(入力ログ!$H$2:$H$301,入力ログ!$E$2:$E$301,$A2) -> -20000 | F2: =IFERROR(E2/B2,"-") -> -20000
A3: =マスタ!$G$3 -> 客002 | B3: =COUNTIF(入力ログ!$E$2:$E$301,$A3) -> 0 | C3: =SUMIFS(入力ログ!$F$2:$F$301,入力ログ!$E$2:$E$301,$A3) -> 0 | D3: =SUMIFS(入力ログ!$G$2:$G$301,入力ログ!$E$2:$E$301,$A3) -> 0 | E3: =SUMIFS(入力ログ!$H$2:$H$301,入力ログ!$E$2:$E$301,$A3) -> 0 | F3: =IFERROR(E3/B3,"-") -> -
A4: =マスタ!$G$4 -> 客003 | B4: =COUNTIF(入力ログ!$E$2:$E$301,$A4) -> 0 | C4: =SUMIFS(入力ログ!$F$2:$F$301,入力ログ!$E$2:$E$301,$A4) -> 0 | D4: =SUMIFS(入力ログ!$G$2:$G$301,入力ログ!$E$2:$E$301,$A4) -> 0 | E4: =SUMIFS(入力ログ!$H$2:$H$301,入力ログ!$E$2:$E$301,$A4) -> 0 | F4: =IFERROR(E4/B4,"-") -> -
A5: =マスタ!$G$5 -> 客004 | B5: =COUNTIF(入力ログ!$E$2:$E$301,$A5) -> 0 | C5: =SUMIFS(入力ログ!$F$2:$F$301,入力ログ!$E$2:$E$301,$A5) -> 0 | D5: =SUMIFS(入力ログ!$G$2:$G$301,入力ログ!$E$2:$E$301,$A5) -> 0 | E5: =SUMIFS(入力ログ!$H$2:$H$301,入力ログ!$E$2:$E$301,$A5) -> 0 | F5: =IFERROR(E5/B5,"-") -> -
A6: =マスタ!$G$6 -> 客005 | B6: =COUNTIF(入力ログ!$E$2:$E$301,$A6) -> 0 | C6: =SUMIFS(入力ログ!$F$2:$F$301,入力ログ!$E$2:$E$301,$A6) -> 0 | D6: =SUMIFS(入力ログ!$G$2:$G$301,入力ログ!$E$2:$E$301,$A6) -> 0 | E6: =SUMIFS(入力ログ!$H$2:$H$301,入力ログ!$E$2:$E$301,$A6) -> 0 | F6: =IFERROR(E6/B6,"-") -> -
A7: =マスタ!$G$7 -> 客006 | B7: =COUNTIF(入力ログ!$E$2:$E$301,$A7) -> 0 | C7: =SUMIFS(入力ログ!$F$2:$F$301,入力ログ!$E$2:$E$301,$A7) -> 0 | D7: =SUMIFS(入力ログ!$G$2:$G$301,入力ログ!$E$2:$E$301,$A7) -> 0 | E7: =SUMIFS(入力ログ!$H$2:$H$301,入力ログ!$E$2:$E$301,$A7) -> 0 | F7: =IFERROR(E7/B7,"-") -> -
A8: =マスタ!$G$8 -> 客007 | B8: =COUNTIF(入力ログ!$E$2:$E$301,$A8) -> 0 | C8: =SUMIFS(入力ログ!$F$2:$F$301,入力ログ!$E$2:$E$301,$A8) -> 0 | D8: =SUMIFS(入力ログ!$G$2:$G$301,入力ログ!$E$2:$E$301,$A8) -> 0 | E8: =SUMIFS(入力ログ!$H$2:$H$301,入力ログ!$E$2:$E$301,$A8) -> 0 | F8: =IFERROR(E8/B8,"-") -> -
A9: =マスタ!$G$9 -> 客008 | B9: =COUNTIF(入力ログ!$E$2:$E$301,$A9) -> 0 | C9: =SUMIFS(入力ログ!$F$2:$F$301,入力ログ!$E$2:$E$301,$A9) -> 0 | D9: =SUMIFS(入力ログ!$G$2:$G$301,入力ログ!$E$2:$E$301,$A9) -> 0 | E9: =SUMIFS(入力ログ!$H$2:$H$301,入力ログ!$E$2:$E$301,$A9) -> 0 | F9: =IFERROR(E9/B9,"-") -> -
A10: =マスタ!$G$10 -> 客009 | B10: =COUNTIF(入力ログ!$E$2:$E$301,$A10) -> 0 | C10: =SUMIFS(入力ログ!$F$2:$F$301,入力ログ!$E$2:$E$301,$A10) -> 0 | D10: =SUMIFS(入力ログ!$G$2:$G$301,入力ログ!$E$2:$E$301,$A10) -> 0 | E10: =SUMIFS(入力ログ!$H$2:$H$301,入力ログ!$E$2:$E$301,$A10) -> 0 | F10: =IFERROR(E10/B10,"-") -> -
A11: =マスタ!$G$11 -> 客010 | B11: =COUNTIF(入力ログ!$E$2:$E$301,$A11) -> 0 | C11: =SUMIFS(入力ログ!$F$2:$F$301,入力ログ!$E$2:$E$301,$A11) -> 0 | D11: =SUMIFS(入力ログ!$G$2:$G$301,入力ログ!$E$2:$E$301,$A11) -> 0 | E11: =SUMIFS(入力ログ!$H$2:$H$301,入力ログ!$E$2:$E$301,$A11) -> 0 | F11: =IFERROR(E11/B11,"-") -> -
A12: =マスタ!$G$12 -> 客011 | B12: =COUNTIF(入力ログ!$E$2:$E$301,$A12) -> 0 | C12: =SUMIFS(入力ログ!$F$2:$F$301,入力ログ!$E$2:$E$301,$A12) -> 0 | D12: =SUMIFS(入力ログ!$G$2:$G$301,入力ログ!$E$2:$E$301,$A12) -> 0 | E12: =SUMIFS(入力ログ!$H$2:$H$301,入力ログ!$E$2:$E$301,$A12) -> 0 | F12: =IFERROR(E12/B12,"-") -> -
A13: =マスタ!$G$13 -> 客012 | B13: =COUNTIF(入力ログ!$E$2:$E$301,$A13) -> 0 | C13: =SUMIFS(入力ログ!$F$2:$F$301,入力ログ!$E$2:$E$301,$A13) -> 0 | D13: =SUMIFS(入力ログ!$G$2:$G$301,入力ログ!$E$2:$E$301,$A13) -> 0 | E13: =SUMIFS(入力ログ!$H$2:$H$301,入力ログ!$E$2:$E$301,$A13) -> 0 | F13: =IFERROR(E13/B13,"-") -> -
A14: =マスタ!$G$14 -> 客013 | B14: =COUNTIF(入力ログ!$E$2:$E$301,$A14) -> 0 | C14: =SUMIFS(入力ログ!$F$2:$F$301,入力ログ!$E$2:$E$301,$A14) -> 0 | D14: =SUMIFS(入力ログ!$G$2:$G$301,入力ログ!$E$2:$E$301,$A14) -> 0 | E14: =SUMIFS(入力ログ!$H$2:$H$301,入力ログ!$E$2:$E$301,$A14) -> 0 | F14: =IFERROR(E14/B14,"-") -> -
A15: =マスタ!$G$15 -> 客014 | B15: =COUNTIF(入力ログ!$E$2:$E$301,$A15) -> 0 | C15: =SUMIFS(入力ログ!$F$2:$F$301,入力ログ!$E$2:$E$301,$A15) -> 0 | D15: =SUMIFS(入力ログ!$G$2:$G$301,入力ログ!$E$2:$E$301,$A15) -> 0 | E15: =SUMIFS(入力ログ!$H$2:$H$301,入力ログ!$E$2:$E$301,$A15) -> 0 | F15: =IFERROR(E15/B15,"-") -> -
A16: =マスタ!$G$16 -> 客015 | B16: =COUNTIF(入力ログ!$E$2:$E$301,$A16) -> 0 | C16: =SUMIFS(入力ログ!$F$2:$F$301,入力ログ!$E$2:$E$301,$A16) -> 0 | D16: =SUMIFS(入力ログ!$G$2:$G$301,入力ログ!$E$2:$E$301,$A16) -> 0 | E16: =SUMIFS(入力ログ!$H$2:$H$301,入力ログ!$E$2:$E$301,$A16) -> 0 | F16: =IFERROR(E16/B16,"-") -> -
A17: =マスタ!$G$17 -> 客016 | B17: =COUNTIF(入力ログ!$E$2:$E$301,$A17) -> 0 | C17: =SUMIFS(入力ログ!$F$2:$F$301,入力ログ!$E$2:$E$301,$A17) -> 0 | D17: =SUMIFS(入力ログ!$G$2:$G$301,入力ログ!$E$2:$E$301,$A17) -> 0 | E17: =SUMIFS(入力ログ!$H$2:$H$301,入力ログ!$E$2:$E$301,$A17) -> 0 | F17: =IFERROR(E17/B17,"-") -> -
A18: =マスタ!$G$18 -> 客017 | B18: =COUNTIF(入力ログ!$E$2:$E$301,$A18) -> 0 | C18: =SUMIFS(入力ログ!$F$2:$F$301,入力ログ!$E$2:$E$301,$A18) -> 0 | D18: =SUMIFS(入力ログ!$G$2:$G$301,入力ログ!$E$2:$E$301,$A18) -> 0 | E18: =SUMIFS(入力ログ!$H$2:$H$301,入力ログ!$E$2:$E$301,$A18) -> 0 | F18: =IFERROR(E18/B18,"-") -> -
A19: =マスタ!$G$19 -> 客018 | B19: =COUNTIF(入力ログ!$E$2:$E$301,$A19) -> 0 | C19: =SUMIFS(入力ログ!$F$2:$F$301,入力ログ!$E$2:$E$301,$A19) -> 0 | D19: =SUMIFS(入力ログ!$G$2:$G$301,入力ログ!$E$2:$E$301,$A19) -> 0 | E19: =SUMIFS(入力ログ!$H$2:$H$301,入力ログ!$E$2:$E$301,$A19) -> 0 | F19: =IFERROR(E19/B19,"-") -> -
A20: =マスタ!$G$20 -> 客019 | B20: =COUNTIF(入力ログ!$E$2:$E$301,$A20) -> 0 | C20: =SUMIFS(入力ログ!$F$2:$F$301,入力ログ!$E$2:$E$301,$A20) -> 0 | D20: =SUMIFS(入力ログ!$G$2:$G$301,入力ログ!$E$2:$E$301,$A20) -> 0 | E20: =SUMIFS(入力ログ!$H$2:$H$301,入力ログ!$E$2:$E$301,$A20) -> 0 | F20: =IFERROR(E20/B20,"-") -> -
A21: =マスタ!$G$21 -> 客020 | B21: =COUNTIF(入力ログ!$E$2:$E$301,$A21) -> 0 | C21: =SUMIFS(入力ログ!$F$2:$F$301,入力ログ!$E$2:$E$301,$A21) -> 0 | D21: =SUMIFS(入力ログ!$G$2:$G$301,入力ログ!$E$2:$E$301,$A21) -> 0 | E21: =SUMIFS(入力ログ!$H$2:$H$301,入力ログ!$E$2:$E$301,$A21) -> 0 | F21: =IFERROR(E21/B21,"-") -> -
A24: ※ この表は客ごとの来店履歴のみを集計しています（ディーラー／シャッフルとの掛け合わせ集計は含みません）。

Sheet サマリー
A1: 全体サマリー
A3: 記録件数 | B3: =COUNTA(入力ログ!$A$2:$A$301) -> 1
A4: IN合計 | B4: =SUM(入力ログ!$F$2:$F$301) -> 100000
A5: OUT合計 | B5: =SUM(入力ログ!$G$2:$G$301) -> 80000
A6: 店収支合計 | B6: =SUM(入力ログ!$H$2:$H$301) -> -20000
A7: ホールド率 | B7: =IFERROR(-B6/B4,"-") -> 0.2
A9: 収支合計がプラス＝客の勝ち超過、マイナス＝店の勝ち超過。ホールド率＝店の取り分÷IN合計。
